date,ticker,open,high,low,close,adj_close,volume,collected_at
2024-11-20,SPX,5914.3398,5920.6699,5860.5601,5917.1099,5917.1099,3772620000,2026-10-05T14:26:47+00:00
2024-11-20,NASDAQ,18971.3105,18974.9102,18724.3906,18966.1406,18966.1406,7121670000,2026-10-05T14:26:47+00:00
2024-11-20,NIKKEI,38475.6992,38520.4492,38180.1484,38352.3398,38352.3398,103500000,2026-10-05T14:26:47+00:00
2024-11-20,HANGSENG,19623.3906,19752.9297,19575.9102,19705.0098,19705.0098,2057500000,2026-10-05T14:26:47+00:00
2024-11-20,USDINR,84.3976,84.4131,84.3398,84.3976,84.3976,0,2026-10-05T14:26:47+00:00
2024-11-20,BRENT,73.34,73.94,72.7,72.81,72.81,26041,2026-10-05T14:26:47+00:00
2024-11-20,GOLD,2635.8,2659.0,2621.8999,2651.7,2651.7,182012,2026-10-05T14:26:47+00:00
2024-11-20,US10Y,4.422,4.438,4.388,4.406,4.406,0,2026-10-05T14:26:47+00:00
2024-11-20,DXY,106.12,106.92,106.11,106.68,106.68,0,2026-10-05T14:26:47+00:00
